,date,0_4,5_12,13_17,18_49,50_64,65+
0,08/07/2022,0.0,0.0,0.0,0.0,0.0,0.0
1,08/08/2022,0.0,0.0,0.0,0.0,0.0,0.0
2,08/09/2022,0.0,0.0,0.0,0.0,0.0,0.0
3,08/10/2022,0.0,0.0,0.0,0.0,0.0,0.0
4,08/11/2022,94.24819122515576,0.0,353.83597632664294,340.94462765534365,0.0,0.0
5,08/12/2022,188.49638245031153,0.0,707.6719526532859,681.8892553106873,0.0,0.0
6,08/13/2022,282.7445736754673,0.0,1061.5079289799287,1022.833882966031,0.0,0.0
7,08/14/2022,376.99276490062306,0.0,1415.3439053065717,1363.7785106213746,0.0,0.0
8,08/15/2022,471.2409561257788,0.0,1769.1798816332148,1704.7231382767186,0.0,0.0
9,08/16/2022,565.4891473509346,0.0,2123.0158579598574,2045.667765932062,0.0,0.0
10,08/17/2022,659.7373385760903,0.0,2476.8518342865004,2386.6123935874057,0.0,0.0
11,08/18/2022,1051.3245633230924,224.7019346953759,2225.952530929967,2621.5536406045094,0.0,0.0
12,08/19/2022,1442.9117880700946,449.4038693907518,1975.0532275734345,2856.494887621613,0.0,0.0
13,08/20/2022,1834.4990128170969,674.1058040861276,1724.1539242169013,3091.4361346387172,0.0,0.0
14,08/21/2022,2226.086237564099,898.8077387815036,1473.2546208603683,3326.3773816558214,0.0,0.0
15,08/22/2022,2617.673462311101,1123.5096734768795,1222.355317503835,3561.318628672925,0.0,0.0
16,08/23/2022,3009.2606870581035,1348.2116081722552,971.456014147302,3796.2598756900293,0.0,0.0
17,08/24/2022,3400.8479118051055,1572.9135428676313,720.5567107907689,4031.2011227071325,0.0,0.0
18,08/25/2022,3461.1921727665836,2174.0587019512186,851.5910722205098,4916.606976672573,439.4299862059548,298.0395663978426
19,08/26/2022,3521.536433728061,2775.2038610348063,982.6254336502506,5802.012830638014,878.8599724119096,596.0791327956852
20,08/27/2022,3581.8806946895393,3376.3490201183936,1113.6597950799912,6687.4186846034545,1318.2899586178644,894.1186991935277
21,08/28/2022,3642.2249556510174,3977.4941792019813,1244.6941565097325,7572.824538568895,1757.719944823819,1192.1582655913703
22,08/29/2022,3702.569216612495,4578.639338285569,1375.728517939473,8458.230392534335,2197.149931029774,1490.197831989213
23,08/30/2022,3762.913477573973,5179.784497369155,1506.7628793692138,9343.636246499776,2636.5799172357288,1788.2373983870555
24,08/31/2022,3823.257738535451,5780.929656452743,1637.7972407989548,10229.042100465216,3076.0099034416835,2086.276964784898
25,09/01/2022,3879.2697182471566,5879.584544035364,1752.1284218642024,10999.782096851028,4484.7139188073825,3110.3665269436783
26,09/02/2022,3935.281697958863,5978.239431617982,1866.4596029294496,11770.522093236843,5893.417934173082,4134.456089102458
27,09/03/2022,3991.293677670568,6076.894319200603,1980.7907839946968,12541.262089622658,7302.121949538782,5158.545651261237
28,09/04/2022,4047.3056573822737,6175.549206783223,2095.121965059944,13312.002086008475,8710.825964904481,6182.635213420017
29,09/05/2022,4103.317637093979,6274.204094365843,2209.453146125192,14082.742082394287,10119.52998027018,7206.724775578798
30,09/06/2022,4159.329616805684,6372.858981948463,2323.784327190439,14853.4820787801,11528.233995635881,8230.814337737578
31,09/07/2022,4215.34159651739,6471.5138695310825,2438.115508255686,15624.222075165913,12936.938011001579,9254.903899896357
32,09/08/2022,4267.02129497933,6561.836074103386,2535.7435089564433,16280.296213972104,13206.778902554908,9618.134736979227
33,09/09/2022,4318.700993441271,6652.158278675689,2633.3715096572014,16936.370352778296,13476.619794108236,9981.365574062096
34,09/10/2022,4370.380691903212,6742.480483247993,2730.9995103579595,17592.44449158449,13746.460685661563,10344.596411144968
35,09/11/2022,4422.060390365153,6832.802687820295,2828.6275110587176,18248.51863039068,14016.301577214892,10707.827248227839
36,09/12/2022,4473.740088827094,6923.124892392599,2926.2555117594748,18904.59276919687,14286.142468768217,11071.058085310708
37,09/13/2022,4525.4197872890345,7013.447096964901,3023.8835124602324,19560.666908003066,14555.983360321547,11434.288922393578
38,09/14/2022,4577.099485750975,7103.769301537205,3121.5115131609905,20216.741046809257,14825.824251874874,11797.519759476449
39,09/15/2022,4624.446902963131,7185.758823099193,3202.4363334972504,20758.149328035783,15063.089971689498,12099.17189985928
40,09/16/2022,4671.794320175287,7267.748344661182,3283.361153833511,21299.55760926231,15300.355691504126,12400.824040242112
41,09/17/2022,4719.141737387443,7349.73786622317,3364.2859741697707,21840.965890488835,15537.621411318754,12702.476180624944
42,09/18/2022,4766.489154599599,7431.7273877851585,3445.2107945060307,22382.374171715368,15774.88713113338,13004.128321007775
43,09/19/2022,4813.836571811755,7513.716909347147,3526.135614842291,22923.782452941887,16012.152850948009,13305.780461390608
44,09/20/2022,4861.183989023911,7595.7064309091365,3607.060435178551,23465.19073416842,16249.418570762633,13607.43260177344
45,09/21/2022,4908.531406236066,7677.695952471124,3687.985255514811,24006.599015394942,16486.68429057726,13909.08474215627
46,09/22/2022,4951.5465421984545,7751.352791022795,3752.206895486587,24433.34143904187,16691.374838653177,14149.158185838967
47,09/23/2022,4994.561678160843,7825.009629574465,3816.428535458363,24860.083862688803,16896.065386729093,14389.231629521664
48,09/24/2022,5037.576814123233,7898.666468126135,3880.65017543014,25286.826286335727,17100.75593480501,14629.305073204361
49,09/25/2022,5080.591950085621,7972.3233066778075,3944.871815401917,25713.568709982657,17305.446482880925,14869.378516887056
50,09/26/2022,5123.60708604801,8045.980145229479,4009.0934553736924,26140.311133629588,17510.137030956845,15109.451960569751
51,09/27/2022,5166.622222010398,8119.636983781148,4073.3150953454697,26567.05355727651,17714.82757903276,15349.52540425245
52,09/28/2022,5209.637357972788,8193.29382233282,4137.536735317245,26993.79598092344,17919.518127108677,15589.598847935147
53,09/29/2022,5273.290603475042,8319.13050674367,4235.135961168158,27637.087307574824,18247.661910529696,15999.642675568262
54,09/30/2022,5336.9438489772965,8444.96719115452,4332.735187019072,28280.378634226206,18575.805693950715,16409.686503201374
55,10/01/2022,5400.597094479551,8570.803875565369,4430.334412869985,28923.669960877593,18903.949477371734,16819.73033083449
56,10/02/2022,5464.250339981806,8696.640559976218,4527.933638720898,29566.96128752897,19232.093260792757,17229.7741584676
57,10/03/2022,5527.90358548406,8822.477244387068,4625.532864571811,30210.252614180354,19560.237044213776,17639.817986100716
58,10/04/2022,5591.556830986314,8948.313928797917,4723.132090422724,30853.543940831736,19888.380827634795,18049.861813733827
59,10/05/2022,5655.210076488568,9074.150613208767,4820.731316273637,31496.83526748312,20216.524611055815,18459.905641366942
60,10/06/2022,5787.426933886997,9364.345291941205,5062.491367906404,33097.03290542765,20977.657766401542,19523.49573688251
61,10/07/2022,5919.643791285424,9654.539970673639,5304.251419539171,34697.23054337219,21738.790921747273,20587.08583239808
62,10/08/2022,6051.8606486838535,9944.734649406077,5546.011471171938,36297.42818131673,22499.924077093,21650.675927913653
63,10/09/2022,6184.077506082281,10234.92932813851,5787.771522804706,37897.62581926127,23261.057232438736,22714.266023429223
64,10/10/2022,6316.29436348071,10525.124006870949,6029.531574437473,39497.82345720581,24022.190387784463,23777.85611894479
65,10/11/2022,6448.511220879138,10815.318685603386,6271.2916260702395,41098.021095150354,24783.32354313019,24841.446214460364
66,10/12/2022,6580.728078277567,11105.513364335822,6513.051677703007,42698.218733094895,25544.456698475922,25905.036309975934
67,10/13/2022,6626.014022162237,11177.873536422265,6606.986379946537,43334.648690312155,25780.617081381908,26233.363909407613
68,10/14/2022,6671.299966046909,11250.233708508707,6700.921082190068,43971.0786475294,26016.777464287905,26561.691508839293
69,10/15/2022,6716.5859099315785,11322.59388059515,6794.855784433597,44607.50860474666,26252.93784719389,26890.01910827097
70,10/16/2022,6761.871853816249,11394.95405268159,6888.790486677127,45243.93856196391,26489.09823009988,27218.346707702654
71,10/17/2022,6807.15779770092,11467.314224768035,6982.725188920658,45880.36851918116,26725.25861300587,27546.674307134334
72,10/18/2022,6852.443741585591,11539.674396854476,7076.659891164189,46516.79847639841,26961.418995911863,27875.001906566013
73,10/19/2022,6897.729685470261,11612.034568940919,7170.594593407718,47153.228433615666,27197.579378817853,28203.32950599769
74,10/20/2022,6838.986940166804,11424.831196225226,7083.503222617201,46606.88524540328,26802.680055151304,27640.76098335599
75,10/21/2022,6780.244194863347,11237.627823509538,6996.411851826683,46060.5420571909,26407.78073148475,27078.192460714294
76,10/22/2022,6721.50144955989,11050.424450793846,6909.320481036166,45514.19886897851,26012.881407818197,26515.623938072593
77,10/23/2022,6662.758704256433,10863.221078078157,6822.229110245649,44967.85568076612,25617.98208415165,25953.055415430892
78,10/24/2022,6604.015958952975,10676.017705362467,6735.137739455131,44421.51249255374,25223.082760485093,25390.48689278919
79,10/25/2022,6545.273213649519,10488.814332646776,6648.046368664613,43875.169304341354,24828.18343681854,24827.918370147487
80,10/26/2022,6486.530468346062,10301.610959931086,6560.954997874096,43328.82611612896,24433.28411315199,24265.349847505786
81,10/27/2022,6326.733101688675,9860.570791359,6296.671323598606,41624.67703539961,23422.148898731368,22831.615166760734
82,10/28/2022,6166.935735031287,9419.530622786913,6032.3876493231155,39920.52795467026,22411.01368431075,21397.880486015678
83,10/29/2022,6007.1383683738995,8978.490454214827,5768.103975047626,38216.3788739409,21399.878469890133,19964.14580527063
84,10/30/2022,5847.341001716512,8537.45028564274,5503.820300772136,36512.22979321155,20388.74325546951,18530.411124525577
85,10/31/2022,5687.543635059126,8096.4101170706535,5239.536626496645,34808.08071248219,19377.60804104889,17096.676443780525
86,11/01/2022,5527.746268401738,7655.369948498567,4975.252952221155,33103.931631752836,18366.472826628273,15662.941763035475
87,11/02/2022,5367.948901744351,7214.329779926482,4710.969277945665,31399.78255102348,17355.33761220765,14229.207082290422
88,11/03/2022,5293.029877633188,6920.4588525465415,4536.755766024839,30276.469664821085,16735.188825842644,13317.282853278746
89,11/04/2022,5218.1108535220255,6626.587925166604,4362.542254104013,29153.15677861869,16115.04003947764,12405.35862426707
90,11/05/2022,5143.191829410862,6332.716997786665,4188.3287421831865,28029.84389241629,15494.891253112637,11493.434395255392
91,11/06/2022,5068.272805299699,6038.846070406725,4014.1152302623614,26906.531006213892,14874.74246674763,10581.510166243714
92,11/07/2022,4993.353781188537,5744.975143026784,3839.901718341535,25783.21812001149,14254.593680382624,9669.58593723204
93,11/08/2022,4918.434757077373,5451.104215646846,3665.688206420709,24659.905233809095,13634.444894017619,8757.661708220363
94,11/09/2022,4843.515732966211,5157.233288266906,3491.474694499883,23536.592347606696,13014.296107652614,7845.737479208687
95,11/10/2022,4801.824065023201,5041.359963728608,3424.359619053518,23099.274036094466,12771.599505803877,7596.447754194508
96,11/11/2022,4760.132397080191,4925.486639190311,3357.244543607154,22661.955724582236,12528.902903955139,7347.158029180328
97,11/12/2022,4718.440729137182,4809.6133146520115,3290.1294681607897,22224.63741307001,12286.2063021064,7097.86830416615
98,11/13/2022,4676.749061194172,4693.739990113714,3223.0143927144254,21787.31910155778,12043.509700257666,6848.57857915197
99,11/14/2022,4635.0573932511625,4577.866665575416,3155.8993172680603,21350.00079004555,11800.813098408928,6599.2888541377915
100,11/15/2022,4593.365725308153,4461.993341037119,3088.7842418216965,20912.682478533323,11558.116496560191,6349.999129123611
101,11/16/2022,4551.674057365143,4346.12001649882,3021.6691663753318,20475.36416702109,11315.419894711455,6100.7094041094315
102,11/17/2022,4440.355806348625,4234.3694516752785,2944.58223839306,19960.560713542753,10982.776878376075,5921.438539215109
103,11/18/2022,4329.037555332107,4122.618886851737,2867.495310410788,19445.757260064423,10650.133862040699,5742.167674320785
104,11/19/2022,4217.7193043155885,4010.868322028195,2790.4083824285162,18930.95380658609,10317.49084570532,5562.896809426463
105,11/20/2022,4106.401053299071,3899.117757204654,2713.321454446245,18416.150353107758,9984.847829369943,5383.625944532139
106,11/21/2022,3995.0828022825526,3787.367192381112,2636.2345264639725,17901.346899629425,9652.204813034565,5204.355079637817
107,11/22/2022,3883.764551266035,3675.6166275575706,2559.1475984817007,17386.543446151092,9319.561796699187,5025.084214743494
108,11/23/2022,3772.4463002495168,3563.8660627340287,2482.060670499429,16871.73999267276,8986.918780363809,4845.813349849171
109,11/24/2022,3591.501466159469,3456.2382576251835,2395.001889981289,16279.451397228657,8564.329349541777,4736.561345074857
110,11/25/2022,3410.5566320694224,3348.6104525163373,2307.943109463148,15687.162801784554,8141.7399187197425,4627.309340300543
111,11/26/2022,3229.611797979375,3240.982647407492,2220.884328945008,15094.874206340452,7719.150487897708,4518.05733552623
112,11/27/2022,3048.6669638893277,3133.3548422986464,2133.8255484268675,14502.58561089635,7296.561057075675,4408.805330751917
113,11/28/2022,2867.72212979928,3025.7270371898003,2046.766767908728,13910.297015452246,6873.971626253643,4299.553325977603
114,11/29/2022,2686.7772957092334,2918.099232080954,1959.7079873905877,13318.008420008142,6451.38219543161,4190.301321203289
115,11/30/2022,2505.832461619186,2810.471426972109,1872.6492068724474,12725.719824564041,6028.792764609576,4081.049316428976
116,12/01/2022,2340.0766167545535,2722.836410829409,1797.8424003776513,12179.849395008321,5668.2481559054,4021.272008361235
117,12/02/2022,2174.3207718899216,2635.2013946867096,1723.0355938828554,11633.978965452603,5307.703547201228,3961.4947002934937
118,12/03/2022,2008.5649270252893,2547.56637854401,1648.2287873880593,11088.108535896885,4947.158938497052,3901.717392225752
119,12/04/2022,1842.809082160657,2459.931362401311,1573.421980893263,10542.238106341165,4586.6143297928775,3841.9400841580114
120,12/05/2022,1677.0532372960247,2372.2963462586117,1498.6151743984667,9996.367676785449,4226.069721088702,3782.16277609027
121,12/06/2022,1511.297392431393,2284.661330115912,1423.8083679036708,9450.49724722973,3865.5251123845273,3722.3854680225286
122,12/07/2022,1345.5415475667605,2197.0263139732124,1349.0015614088747,8904.626817674012,3504.9805036803527,3662.6081599547874
123,12/08/2022,1300.2803989684633,2144.904737085893,1312.8785548922006,8614.58773371073,3384.6827558938917,3598.9981433604066
124,12/09/2022,1255.019250370166,2092.783160198574,1276.7555483755264,8324.54864974745,3264.3850081074306,3535.3881267660263
125,12/10/2022,1209.758101771869,2040.6615833112548,1240.6325418588522,8034.509565784169,3144.0872603209696,3471.778110171646
126,12/11/2022,1164.496953173572,1988.5400064239357,1204.509535342178,7744.470481820888,3023.789512534509,3408.168093577265
127,12/12/2022,1119.2358045752746,1936.4184295366167,1168.3865288255038,7454.431397857607,2903.4917647480474,3344.5580769828853
128,12/13/2022,1073.9746559769776,1884.2968526492975,1132.2635223088296,7164.392313894327,2783.194016961587,3280.9480603885045
129,12/14/2022,1028.7135073786803,1832.1752757619784,1096.1405157921554,6874.353229931046,2662.8962691751253,3217.338043794124
130,12/15/2022,996.6371436384364,1792.418715316491,1069.7315866067615,6724.159403163564,2582.833864975619,3155.4903986580543
131,12/16/2022,964.5607798981928,1752.6621548710032,1043.3226574213675,6573.965576396083,2502.771460776112,3093.642753521984
132,12/17/2022,932.4844161579489,1712.9055944255158,1016.9137282359738,6423.7717496285995,2422.709056576605,3031.795108385913
133,12/18/2022,900.4080524177051,1673.1490339800282,990.5047990505799,6273.577922861117,2342.646652377098,2969.947463249843
134,12/19/2022,868.3316886774612,1633.3924735345408,964.0958698651862,6123.384096093634,2262.5842481775912,2908.099818113773
135,12/20/2022,836.2553249372174,1593.6359130890532,937.6869406797922,5973.190269326152,2182.5218439780842,2846.2521729777027
136,12/21/2022,804.1789611969737,1553.8793526435657,911.2780114943982,5822.9964425586695,2102.4594397785772,2784.4045278416324
137,12/22/2022,783.2059859353467,1526.0736005097283,894.0309116754438,5809.936109796145,2058.8402972293115,2724.6589157538688
138,12/23/2022,762.2330106737196,1498.2678483758916,876.7838118564894,5796.87577703362,2015.2211546800459,2664.9133036661046
139,12/24/2022,741.2600354120925,1470.4620962420545,859.5367120375348,5783.815444271096,1971.6020121307804,2605.1676915783405
140,12/25/2022,720.2870601504655,1442.6563441082176,842.2896122185803,5770.75511150857,1927.9828695815143,2545.4220794905773
141,12/26/2022,699.3140848888386,1414.8505919743804,825.0425123996257,5757.694778746046,1884.3637270322486,2485.676467402813
142,12/27/2022,678.3411096272114,1387.0448398405433,807.7954125806714,5744.63444598352,1840.744584482983,2425.930855315049
143,12/28/2022,657.3681343655844,1359.2390877067066,790.5483127617168,5731.574113220996,1797.1254419337172,2366.1852432272854
144,12/29/2022,645.7352650905804,1343.9990548932356,781.8826727614351,5842.756504516798,1787.9895938047496,2306.0650976081106
145,12/30/2022,634.1023958155763,1328.7590220797645,773.2170327611534,5953.938895812601,1778.8537456757817,2245.944951988936
146,12/31/2022,622.469526540572,1313.5189892662931,764.5513927608716,6065.121287108403,1769.717897546814,2185.824806369761
147,01/01/2023,610.836657265568,1298.278956452822,755.8857527605901,6176.303678404206,1760.582049417846,2125.7046607505868
148,01/02/2023,599.2037879905638,1283.038923639351,747.2201127603083,6287.486069700009,1751.4462012888785,2065.5845151314115
149,01/03/2023,587.5709187155597,1267.7988908258799,738.5544727600266,6398.668460995811,1742.3103531599104,2005.4643695122375
150,01/04/2023,575.9380494405556,1252.5588580124086,729.8888327597449,6509.850852291614,1733.1745050309428,1945.3442238930625
151,01/05/2023,560.2546069546604,1246.2694887728476,722.1031238388812,6586.132720757901,1726.8486809149729,1879.953041514219
152,01/06/2023,544.5711644687653,1239.9801195332864,714.3174149180173,6662.414589224186,1720.5228567990032,1814.5618591353757
153,01/07/2023,528.8877219828702,1233.6907502937254,706.5317059971535,6738.696457690472,1714.197032683033,1749.1706767565324
154,01/08/2023,513.204279496975,1227.4013810541644,698.7459970762898,6814.978326156758,1707.8712085670634,1683.7794943776892
155,01/09/2023,497.52083701107995,1221.1120118146034,690.9602881554258,6891.260194623043,1701.5453844510935,1618.388311998846
156,01/10/2023,481.83739452518483,1214.8226425750424,683.174579234562,6967.5420630893295,1695.2195603351236,1552.9971296200026
157,01/11/2023,466.1539520392897,1208.5332733354815,675.3888703136982,7043.823931555616,1688.8937362191539,1487.605947241159
158,01/12/2023,456.0712210965225,1193.08192515256,665.7962338836359,7046.740342102348,1666.2214702266647,1455.260703445342
159,01/13/2023,445.98849015375527,1177.6305769696387,656.2035974535735,7049.65675264908,1643.5492042341757,1422.9154596495252
160,01/14/2023,435.905759210988,1162.1792287867172,646.610961023511,7052.573163195813,1620.8769382416867,1390.570215853708
161,01/15/2023,425.8230282682208,1146.7278806037957,637.0183245934486,7055.489573742546,1598.2046722491978,1358.2249720578914
162,01/16/2023,415.7402973254536,1131.2765324208744,627.4256881633862,7058.405984289278,1575.5324062567086,1325.8797282620744
163,01/17/2023,405.6575663826863,1115.825184237953,617.8330517333239,7061.322394836011,1552.8601402642196,1293.5344844662577
164,01/18/2023,395.5748354399191,1100.3738360550317,608.2404153032614,7064.2388053827435,1530.1878742717304,1261.1892406704408
165,01/19/2023,394.091255434233,1073.389292801763,597.3007064250128,7005.910594443075,1491.8158364834196,1268.3270623912085
166,01/20/2023,392.60767542854677,1046.4047495484942,586.3609975467641,6947.582383503409,1453.4437986951089,1275.464884111976
167,01/21/2023,391.12409542286065,1019.4202062952255,575.4212886685153,6889.254172563741,1415.071760906798,1282.6027058327438
168,01/22/2023,389.64051541717447,992.4356630419569,564.4815797902666,6830.925961624073,1376.6997231184873,1289.7405275535114
169,01/23/2023,388.1569354114883,965.4511197886881,553.5418709120179,6772.597750684406,1338.3276853301766,1296.8783492742791
170,01/24/2023,386.67335540580217,938.4665765354194,542.6021620337691,6714.269539744739,1299.955647541866,1304.0161709950467
171,01/25/2023,385.189775400116,911.4820332821506,531.6624531555204,6655.94132880507,1261.583609753555,1311.1539927158144
172,01/26/2023,392.3053463314753,872.9642949585427,519.3756718290299,6536.368496377955,1207.5118001692847,1357.7748799532164
173,01/27/2023,399.4209172628346,834.446556634935,507.0888905025396,6416.79566395084,1153.4399905850146,1404.3957671906187
174,01/28/2023,406.5364881941938,795.9288183113271,494.80210917604916,6297.222831523724,1099.3681810007442,1451.0166544280205
175,01/29/2023,413.6520591255531,757.4110799877191,482.5153278495587,6177.64999909661,1045.296371416474,1497.6375416654225
176,01/30/2023,420.76763005691237,718.8933416641113,470.22854652306825,6058.077166669494,991.2245618322038,1544.2584289028248
177,01/31/2023,427.8832009882717,680.3756033405035,457.9417651965778,5938.504334242377,937.1527522479334,1590.8793161402268
178,02/01/2023,434.99877191963094,641.8578650168956,445.65498387008734,5818.931501815263,883.0809426636632,1637.5002033776288
179,02/02/2023,449.3680373675315,607.7007190421916,438.2290026924786,5715.355943129939,830.5625329305573,1758.9692525725025
180,02/03/2023,463.737302815432,573.5435730674875,430.8030215148698,5611.780384444616,778.0441231974512,1880.4383017673756
181,02/04/2023,478.1065682633326,539.3864270927834,423.377040337261,5508.204825759292,725.5257134643452,2001.9073509622492
182,02/05/2023,492.47583371123307,505.2292811180793,415.9510591596523,5404.6292670739695,673.0073037312393,2123.3764001571226
183,02/06/2023,506.8450991591336,471.0721351433753,408.5250779820435,5301.053708388646,620.4888939981334,2244.8454493519957
184,02/07/2023,521.2143646070342,436.91498916867124,401.0990968044348,5197.478149703322,567.9704842650274,2366.3144985468693
185,02/08/2023,535.5836300549347,402.7578431939672,393.673115626826,5093.902591017999,515.4520745319214,2487.7835477417425
186,02/09/2023,543.5472836316768,387.77951047683547,388.71784699329015,5035.998408033356,491.43608484875114,2580.4086974485194
187,02/10/2023,551.5109372084188,372.8011777597037,383.76257835975423,4978.094225048714,467.4200951655808,2673.0338471552964
188,02/11/2023,559.4745907851609,357.8228450425721,378.8073097262184,4920.190042064072,443.40410548241044,2765.6589968620733
189,02/12/2023,567.438244361903,342.84451232544046,373.8520410926825,4862.285859079429,419.3881157992401,2858.2841465688502
190,02/13/2023,575.401897938645,327.86617960830876,368.89677245914663,4804.381676094787,395.3721261160698,2950.9092962756276
191,02/14/2023,583.365551515387,312.8878468911771,363.9415038256107,4746.477493110145,371.35613643289946,3043.5344459824046
192,02/15/2023,591.3292050921291,297.9095141740454,358.98623519207484,4688.573310125502,347.3401467497292,3136.159595689182
193,02/16/2023,587.4030500244223,293.62531774961883,349.09876270313384,4613.935658592035,348.04791556901483,3112.7297187441577
194,02/17/2023,583.4768949567157,289.3411213251923,339.2112902141928,4539.298007058568,348.7556843883006,3089.2998417991334
195,02/18/2023,579.5507398890089,285.0569249007658,329.3238177252518,4464.6603555251,349.46345320758627,3065.8699648541083
196,02/19/2023,575.6245848213022,280.77272847633924,319.43634523631073,4390.022703991634,350.17122202687193,3042.440087909084
197,02/20/2023,571.6984297535954,276.4885320519127,309.5488727473697,4315.385052458167,350.87899084615765,3019.0102109640593
198,02/21/2023,567.7722746858888,272.20433562748616,299.66140025842867,4240.7474009247,351.58675966544337,2995.5803340190355
199,02/22/2023,563.846119618182,267.92013920305965,289.7739277694876,4166.109749391233,352.294528484729,2972.150457074011
200,02/23/2023,548.0301559059984,274.3300790712742,274.95425142510487,4074.738629309693,377.72605580632313,2832.665553477165
201,02/24/2023,532.2141921938149,280.74001893948883,260.13457508072213,3983.367509228153,403.15758312791723,2693.1806498803194
202,02/25/2023,516.3982284816315,287.14995880770346,245.31489873633942,3891.9963891466123,428.5891104495113,2553.6957462834735
203,02/26/2023,500.582264769448,293.559898675918,230.4952223919567,3800.6252690650726,454.0206377711053,2414.210842686628
204,02/27/2023,484.76630105726446,299.96983854413264,215.67554604757396,3709.254148983532,479.45216509269943,2274.725939089782
205,02/28/2023,468.950337345081,306.37977841234726,200.85586970319122,3617.883028901992,504.8836924142935,2135.2410354929366
206,03/01/2023,453.13437363289745,312.7897182805619,186.03619335880848,3526.511908820452,530.3152197358876,1995.756131896091
207,03/02/2023,437.5779520196064,325.03397230783264,175.2159132389778,3445.0379422266356,597.709412749622,1856.4023772451458
208,03/03/2023,422.0215304063153,337.27822633510334,164.39563311914708,3363.5639756328196,665.1036057633563,1717.0486225942004
209,03/04/2023,406.46510879302434,349.5224803623741,153.57535299931638,3282.0900090390032,732.4977987770908,1577.6948679432553
210,03/05/2023,390.90868717973325,361.7667343896448,142.75507287948565,3200.616042445187,799.8919917908252,1438.34111329231
211,03/06/2023,375.3522655664422,374.01098841691555,131.93479275965495,3119.142075851371,867.2861848045595,1298.9873586413646
212,03/07/2023,359.7958439531511,386.2552424441863,121.11451263982427,3037.668109257554,934.680377818294,1159.6336039904195
213,03/08/2023,344.2394223398601,398.49949647145706,110.29423251999357,2956.194142663738,1002.0745708320284,1020.2798493394743
214,03/09/2023,337.79021970060677,405.06266116191955,107.05323732405577,2904.62095543804,1074.6235317158948,977.9665649017778
215,03/10/2023,331.34101706135345,411.6258258523819,103.81224212811797,2853.04776821234,1147.1724925997612,935.6532804640813
216,03/11/2023,324.8918144221002,418.1889905428444,100.57124693218017,2801.4745809866413,1219.7214534836276,893.3399960263847
217,03/12/2023,318.44261178284694,424.7521552333069,97.33025173624237,2749.9013937609425,1292.270414367494,851.0267115886884
218,03/13/2023,311.99340914359357,431.31531992376927,94.08925654030459,2698.328206535244,1364.81937525136,808.7134271509918
219,03/14/2023,305.5442065043403,437.87848461423175,90.84826134436676,2646.755019309545,1437.3683361352266,766.4001427132953
220,03/15/2023,299.095003865087,444.4416493046942,87.60726614842898,2595.181832083846,1509.917297019093,724.0868582755988
221,03/16/2023,294.02750789414614,444.4258450442035,84.80390014620251,2556.880615129968,1551.9781696726416,711.0825290868975
222,03/17/2023,288.9600119232053,444.4100407837129,82.000534143976,2518.57939817609,1594.03904232619,698.0781998981964
223,03/18/2023,283.89251595226443,444.39423652322216,79.19716814174953,2480.278181222212,1636.0999149797383,685.0738707094952
224,03/19/2023,278.8250199813236,444.37843226273145,76.39380213952305,2441.976964268334,1678.1607876332866,672.0695415207939
225,03/20/2023,273.7575240103827,444.36262800224085,73.59043613729656,2403.675747314456,1720.221660286835,659.0652123320926
226,03/21/2023,268.6900280394418,444.34682374175014,70.78707013507008,2365.3745303605783,1762.2825329403834,646.0608831433914
227,03/22/2023,263.62253206850096,444.3310194812595,67.9837041328436,2327.0733134067,1804.3434055939315,633.0565539546902
228,03/23/2023,259.9367427658573,437.7362462697558,65.61796732427428,2302.04406672447,1815.9161900168863,649.3611800151567
229,03/24/2023,256.25095346321353,431.14147305825213,63.252230515704966,2277.014820042241,1827.488974439841,665.6658060756233
230,03/25/2023,252.56516416056988,424.5466998467485,60.88649370713564,2251.985573360011,1839.061758862796,681.9704321360897
231,03/26/2023,248.8793748579262,417.9519266352449,58.52075689856633,2226.9563266777814,1850.6345432857509,698.2750581965563
232,03/27/2023,245.19358555528248,411.35715342374124,56.155020089997016,2201.9270799955516,1862.2073277087056,714.5796842570227
233,03/28/2023,241.5077962526388,404.7623802122376,53.78928328142769,2176.897833313322,1873.7801121316606,730.8843103174894
234,03/29/2023,237.8220069499951,398.1676070007339,51.423546472858376,2151.8685866310925,1885.3528965546154,747.1889363779558
235,03/30/2023,234.8990095344274,388.339767561324,49.75574887474392,2136.468141915797,1881.5253183548432,792.8378660341789
236,03/31/2023,231.97601211885967,378.5119281219141,48.08795127662947,2121.0676972005012,1877.697740155071,838.486795690402
237,04/01/2023,229.0530147032919,368.68408868250424,46.42015367851501,2105.667252485205,1873.8701619552987,884.1357253466251
238,04/02/2023,226.1300172877242,358.85624924309434,44.752356080400546,2090.26680776991,1870.0425837555265,929.7846550028482
239,04/03/2023,223.20701987215645,349.02840980368444,43.084558482286084,2074.866363054614,1866.2150055557545,975.4335846590714
240,04/04/2023,220.2840224565887,339.2005703642746,41.41676088417163,2059.4659183393183,1862.3874273559825,1021.0825143152945
241,04/05/2023,217.36102504102098,329.3727309248647,39.748963286057176,2044.0654736240226,1858.55984915621,1066.7314439715176
242,04/06/2023,213.33082456070062,328.5366219072945,39.26791994541872,2022.1410756354196,1893.1879658403711,1117.6822613573536
243,04/07/2023,209.30062408038026,327.7005128897244,38.786876604780254,2000.216677646816,1927.8160825245322,1168.6330787431896
244,04/08/2023,205.27042360005993,326.8644038721542,38.305833264141796,1978.2922796582127,1962.4441992086938,1219.5838961290256
245,04/09/2023,201.24022311973957,326.0282948545841,37.824789923503324,1956.3678816696095,1997.0723158928547,1270.5347135148618
246,04/10/2023,197.21002263941924,325.1921858370139,37.34374658286487,1934.4434836810062,2031.700432577016,1321.4855309006978
247,04/11/2023,193.17982215909885,324.3560768194438,36.86270324222641,1912.5190856924028,2066.328549261177,1372.4363482865338
248,04/12/2023,189.14962167877852,323.5199678018736,36.381659901587945,1890.5946877037998,2100.9566659453385,1423.3871656723697
249,04/13/2023,186.9417763400136,318.70539140881925,35.45174678841053,1872.4171024126865,2113.8332919815057,1446.7413825772505
250,04/14/2023,184.7339310012487,313.89081501576493,34.521833675233125,1854.2395171215737,2126.709918017673,1470.0955994821309
251,04/15/2023,182.52608566248378,309.0762386227106,33.59192056205572,1836.0619318304605,2139.58654405384,1493.4498163870117
252,04/16/2023,180.31824032371884,304.26166222965634,32.662007448878306,1817.8843465393475,2152.463170090007,1516.8040332918922
253,04/17/2023,178.11039498495393,299.4470858366019,31.732094335700904,1799.7067612482342,2165.3397961261744,1540.1582501967732
254,04/18/2023,175.90254964618904,294.63250944354763,30.80218122252349,1781.5291759571214,2178.2164221623416,1563.5124671016538
255,04/19/2023,173.6947043074241,289.8179330504933,29.87226810934608,1763.3515906660082,2191.0930481985088,1586.8666840065346
256,04/20/2023,173.68226277057215,279.16550630426025,28.314442207093176,1750.7340199680268,2173.739224835133,1580.8067715376412
257,04/21/2023,173.66982123372017,268.5130795580272,26.756616304840264,1738.1164492700452,2156.385401471757,1574.746859068748
258,04/22/2023,173.65737969686822,257.86065281179407,25.198790402587363,1725.4988785720639,2139.0315781083814,1568.6869465998552
259,04/23/2023,173.64493816001624,247.20822606556104,23.640964500334455,1712.8813078740823,2121.677754745006,1562.6270341309619
260,04/24/2023,173.63249662316431,236.55579931932795,22.083138598081547,1700.2637371761011,2104.3239313816302,1556.5671216620688
261,04/25/2023,173.62005508631233,225.9033725730949,20.52531269582864,1687.6461664781193,2086.9701080182545,1550.5072091931754
262,04/26/2023,173.60761354946038,215.25094582686182,18.967486793575734,1675.028595780138,2069.6162846548787,1544.4472967242823
263,04/27/2023,175.65703703920195,199.57486946215593,16.891709287703407,1667.749085815966,2024.4345799775015,1511.0428660683053
264,04/28/2023,177.70646052894352,183.89879309744995,14.81593178183108,1660.4695758517944,1979.2528753001245,1477.6384354123288
265,04/29/2023,179.75588401868512,168.22271673274406,12.740154275958755,1653.190065887623,1934.0711706227478,1444.234004756352
266,04/30/2023,181.8053075084267,152.54664036803814,10.664376770086427,1645.9105559234513,1888.8894659453706,1410.8295741003753
267,05/01/2023,183.85473099816826,136.87056400333225,8.5885992642141,1638.6310459592794,1843.7077612679934,1377.4251434443986
268,05/02/2023,185.90415448790984,121.19448763862631,6.512821758341773,1631.3515359951077,1798.5260565906167,1344.020712788422
269,05/03/2023,187.95357797765143,105.51841127392042,4.437044252469446,1624.072026030936,1753.3443519132395,1310.6162821324453
270,05/04/2023,189.28537349578977,99.52297728276864,3.803180787830953,1616.8012185906446,1726.900776160408,1291.23251126453
271,05/05/2023,190.6171690139281,93.52754329161684,3.1693173231924616,1609.5304111503526,1700.4572004075762,1271.8487403966146
272,05/06/2023,191.9489645320664,87.53210930046508,2.5354538585539688,1602.259603710061,1674.0136246547445,1252.4649695286994
273,05/07/2023,193.28076005020475,81.5366753093133,1.9015903939154768,1594.988796269769,1647.5700489019127,1233.081198660784
274,05/08/2023,194.61255556834308,75.54124131816152,1.2677269292769844,1587.717988829477,1621.126473149081,1213.6974277928684
275,05/09/2023,195.94435108648142,69.54580732700975,0.6338634646384922,1580.4471813891855,1594.6828973962492,1194.3136569249532
276,05/10/2023,197.27614660461973,63.55037333585797,0.0,1573.1763739488938,1568.2393216434177,1174.929886057038
277,05/11/2023,197.94462678950177,61.699418698092956,0.0,1564.3576096087584,1551.569384198311,1164.7515616061255
278,05/12/2023,198.6131069743838,59.848464060327956,0.0,1555.5388452686225,1534.8994467532043,1154.573237155213
279,05/13/2023,199.28158715926585,57.99750942256295,0.0,1546.7200809284868,1518.2295093080977,1144.3949127043006
280,05/14/2023,199.95006734414787,56.14655478479795,0.0,1537.9013165883514,1501.5595718629909,1134.2165882533882
281,05/15/2023,200.61854752902994,54.29560014703294,0.0,1529.0825522482153,1484.8896344178843,1124.038263802476
282,05/16/2023,201.28702771391198,52.44464550926793,0.0,1520.2637879080798,1468.2196969727777,1113.8599393515635
283,05/17/2023,201.95550789879402,50.59369087150293,0.0,1511.4450235679442,1451.5497595276709,1103.681614900651
284,05/18/2023,202.60717654699815,48.253254221620644,0.0,1501.9338448178828,1431.9597181438894,1092.160702812476
285,05/19/2023,203.25884519520224,45.91281757173836,0.0,1492.4226660678219,1412.3696767601084,1080.639790724301
286,05/20/2023,203.91051384340636,43.57238092185607,0.0,1482.9114873177605,1392.7796353763267,1069.118878636126
287,05/21/2023,204.5621824916105,41.23194427197379,0.0,1473.4003085676993,1373.1895939925455,1057.597966547951
288,05/22/2023,205.2138511398146,38.89150762209151,0.0,1463.8891298176381,1353.5995526087643,1046.077054459776
289,05/23/2023,205.86551978801873,36.551070972209224,0.0,1454.3779510675768,1334.009511224983,1034.556142371601
290,05/24/2023,206.51718843622285,34.21063432232694,0.0,1444.8667723175156,1314.4194698412016,1023.035230283426
291,05/25/2023,207.15204554764722,31.38071566021796,0.0,1434.663179157184,1291.9093245190359,1010.1717305579288
292,05/26/2023,207.7869026590716,28.55079699810898,0.0,1424.459585996852,1269.3991791968704,997.3082308324313
293,05/27/2023,208.42175977049598,25.720878336000002,0.0,1414.2559928365204,1246.8890338747044,984.4447311069338
294,05/28/2023,209.05661688192035,22.890959673891018,0.0,1404.0523996761885,1224.378888552539,971.5812313814364
295,05/29/2023,209.69147399334472,20.061041011782038,0.0,1393.848806515857,1201.868743230373,958.7177316559391
296,05/30/2023,210.32633110476908,17.231122349673058,0.0,1383.645213355525,1179.3585979082075,945.8542319304416
297,05/31/2023,210.96118821619348,14.40120368756408,0.0,1373.4416201951933,1156.8484525860417,932.9907322049443
298,06/01/2023,210.96118821619348,14.40120368756408,0.0,1373.4416201951933,1156.8484525860417,932.9907322049443
299,06/02/2023,210.96118821619348,14.40120368756408,0.0,1373.4416201951933,1156.8484525860417,932.9907322049443
300,06/03/2023,210.96118821619348,14.40120368756408,0.0,1373.4416201951933,1156.8484525860417,932.9907322049443
